{"cameraMode":{"drawMode":0,"name":"Shaded","section":"Shading Mode"},"sceneLighting":false,"audioPlay":false,"sceneViewState":{"showFog":true,"showMaterialUpdate":false,"showSkybox":true,"showFlares":true,"showImageEffects":true,"showParticleSystems":true},"in2DMode":false,"pivot":{"x":167.56600952148438,"y":-41.5,"z":63.96000671386719},"rotation":{"x":0.10867644101381302,"y":-0.7606436610221863,"z":0.1319982260465622,"w":0.6262485980987549},"size":746.9605712890625,"orthographic":false}